{
  "ACEH": 21325.0,
  "BALI": 22200.0,
  "BANGKA BELITUNG": 18275.0,
  "BANTEN": 18633.333333333332,
  "BENGKULU": 19800.0,
  "DAERAH ISTIMEWA YOGYAKARTA": 19350.0,
  "DI. ACEH": 20350.0,
  "DKI JAKARTA": 20650.0,
  "GORONTALO": 25100.0,
  "JAMBI": 20300.0,
  "JAWA BARAT": 20481.25,
  "JAWA TENGAH": 19454.545454545456,
  "JAWA TIMUR": 19925.0,
  "KALIMANTAN BARAT": 20266.666666666668,
  "KALIMANTAN SELATAN": 20375.0,
  "KALIMANTAN TENGAH": 21050.0,
  "KALIMANTAN TIMUR": 21383.333333333332,
  "KALIMANTAN UTARA": 21100.0,
  "KEPULAUAN RIAU": 19250.0,
  "LAMPUNG": 19925.0,
  "MALUKU": 23200.0,
  "MALUKU UTARA": 21850.0,
  "NUSA TENGGARA TIMUR": 22014.285714285714,
  "PAPUA": 24480.0,
  "PAPUA BARAT": 23200.0,
  "SULAWESI BARAT": 21133.333333333332,
  "SULAWESI SELATAN": 19637.5,
  "SULAWESI TENGAH": 20525.0,
  "SULAWESI TENGGARA": 22275.0,
  "SULAWESI UTARA": 18775.0,
  "SUMATERA BARAT": 19950.0,
  "SUMATERA SELATAN": 21625.0,
  "SUMATERA UTARA": 20430.0
}